{
  "255": {
    "name": "base-cube",
    "vertices": [
      [-0.5,0.5,0.5,1],
      [-0.5,-0.5,0.5,1],
      [0.5,-0.5,0.5,1],
      [0.5,0.5,0.5,1],
      [-0.5,0.5,-0.5,1],
      [-0.5,-0.5,-0.5,1],
      [0.5,-0.5,-0.5,1],
      [0.5,0.5,-0.5,1]],
    "faces": [
      [0,1,2,3],
      [7,6,5,4],
      [3,2,6,7],
      [4,0,3,7],
      [4,5,1,0],
      [1,5,6,2]]
  },
  "263": {
    "name": "rounded-edge",
    "vertices": [
      [0.5,-0.5,-0.5,1],
      [0.5,0.5,-0.5,1],
      [-0.5,-0.5,-0.5,1],
      [-0.5,0.5,-0.5,1],
      [-0.5,-0.5,0.5,1],
      [0.4238795,-0.5,-0.1173165,1],
      [0.207107,-0.5,0.207107,1],
      [-0.1173165,-0.5,0.4238795,1],
      [-0.5,0.5,0.5,1],
      [-0.1173165,0.5,0.4238795,1],
      [0.207107,0.5,0.207107,1],
      [0.4238795,0.5,-0.1173165,1]],
    "faces": [
      [8,9,10,11,1,3],
      [4,8,3,2],
      [2,3,1,0],
      [8,4,7,9],
      [9,7,6,10],
      [10,6,5,11],
      [11,5,0,1],
      [0,5,6,7,4,2]]
  }
}